Term,parent
5返屋企,Family_Conflict_B
5想同老母講o野,Family_Conflict_B
5想同老母講野,Family_Conflict_B
5想同老母講嘢,Family_Conflict_B
5想同老豆講o野,Family_Conflict_B
5想同老豆講野,Family_Conflict_B
5想同老豆講嘢,Family_Conflict_B
5想同呀爸講o野,Family_Conflict_B
5想同呀爸講野,Family_Conflict_B
5想同呀爸講嘢,Family_Conflict_B
5想同呀媽講o野,Family_Conflict_B
5想同呀媽講野,Family_Conflict_B
5想同呀媽講嘢,Family_Conflict_B
5想同亞爸講o野,Family_Conflict_B
5想同亞爸講野,Family_Conflict_B
5想同亞爸講嘢,Family_Conflict_B
5想同亞媽講o野,Family_Conflict_B
5想同亞媽講野,Family_Conflict_B
5想同亞媽講嘢,Family_Conflict_B
5想同阿爸講o野,Family_Conflict_B
5想同阿爸講野,Family_Conflict_B
5想同阿爸講嘢,Family_Conflict_B
5想同阿媽講o野,Family_Conflict_B
5想同阿媽講野,Family_Conflict_B
5想同阿媽講嘢,Family_Conflict_B
5想同屋企人講o野,Family_Conflict_B
5想同屋企人講野,Family_Conflict_B
5想同屋企人講嘢,Family_Conflict_B
比人趕出屋,Family_Conflict_B
比屋企人打,Family_Conflict_B
平日屋企扮無野,Family_Conflict_B
同老母反o西面,Family_Conflict_B
同老母反哂面,Family_Conflict_B
同老豆反o西面,Family_Conflict_B
同老豆反哂面,Family_Conflict_B
同呀爸反o西面,Family_Conflict_B
同呀爸反哂面,Family_Conflict_B
同呀媽反o西面,Family_Conflict_B
同呀媽反哂面,Family_Conflict_B
同亞爸反o西面,Family_Conflict_B
同亞爸反哂面,Family_Conflict_B
同亞媽反o西面,Family_Conflict_B
同亞媽反哂面,Family_Conflict_B
同阿爸反o西面,Family_Conflict_B
同阿爸反哂面,Family_Conflict_B
同阿媽反o西面,Family_Conflict_B
同阿媽反哂面,Family_Conflict_B
同屋企人冇再見,Family_Conflict_B
同屋企人冇野講,Family_Conflict_B
同屋企人反o西面,Family_Conflict_B
同屋企人反哂面,Family_Conflict_B
同屋企斷絕來往,Family_Conflict_B
老母會打死我,Family_Conflict_B
老豆會打死我,Family_Conflict_B
吾返屋企,Family_Conflict_B
吾想同老母講o野,Family_Conflict_B
吾想同老母講野,Family_Conflict_B
吾想同老母講嘢,Family_Conflict_B
吾想同老豆講o野,Family_Conflict_B
吾想同老豆講野,Family_Conflict_B
吾想同老豆講嘢,Family_Conflict_B
吾想同呀爸講o野,Family_Conflict_B
吾想同呀爸講野,Family_Conflict_B
吾想同呀爸講嘢,Family_Conflict_B
吾想同呀媽講o野,Family_Conflict_B
吾想同呀媽講野,Family_Conflict_B
吾想同呀媽講嘢,Family_Conflict_B
吾想同亞爸講o野,Family_Conflict_B
吾想同亞爸講野,Family_Conflict_B
吾想同亞爸講嘢,Family_Conflict_B
吾想同亞媽講o野,Family_Conflict_B
吾想同亞媽講野,Family_Conflict_B
吾想同亞媽講嘢,Family_Conflict_B
吾想同阿爸講o野,Family_Conflict_B
吾想同阿爸講野,Family_Conflict_B
吾想同阿爸講嘢,Family_Conflict_B
吾想同阿媽講o野,Family_Conflict_B
吾想同阿媽講野,Family_Conflict_B
吾想同阿媽講嘢,Family_Conflict_B
吾想同屋企人講o野,Family_Conflict_B
吾想同屋企人講野,Family_Conflict_B
吾想同屋企人講嘢,Family_Conflict_B
呀爸會打死我,Family_Conflict_B
呀媽會打死我,Family_Conflict_B
亞爸會打死我,Family_Conflict_B
亞媽會打死我,Family_Conflict_B
阿爸會打死我,Family_Conflict_B
阿媽會打死我,Family_Conflict_B
屋企gp靜哂,Family_Conflict_B
屋企group靜哂,Family_Conflict_B
屋企人會打死我,Family_Conflict_B
屋企谷靜哂,Family_Conflict_B
俾屋企人打,Family_Conflict_B
唔返屋企,Family_Conflict_B
唔想同老母講o野,Family_Conflict_B
唔想同老母講野,Family_Conflict_B
唔想同老母講嘢,Family_Conflict_B
唔想同老豆講o野,Family_Conflict_B
唔想同老豆講野,Family_Conflict_B
唔想同老豆講嘢,Family_Conflict_B
唔想同呀爸講o野,Family_Conflict_B
唔想同呀爸講野,Family_Conflict_B
唔想同呀爸講嘢,Family_Conflict_B
唔想同呀媽講o野,Family_Conflict_B
唔想同呀媽講野,Family_Conflict_B
唔想同呀媽講嘢,Family_Conflict_B
唔想同亞爸講o野,Family_Conflict_B
唔想同亞爸講野,Family_Conflict_B
唔想同亞爸講嘢,Family_Conflict_B
唔想同亞媽講o野,Family_Conflict_B
唔想同亞媽講野,Family_Conflict_B
唔想同亞媽講嘢,Family_Conflict_B
唔想同阿爸講o野,Family_Conflict_B
唔想同阿爸講野,Family_Conflict_B
唔想同阿爸講嘢,Family_Conflict_B
唔想同阿媽講o野,Family_Conflict_B
唔想同阿媽講野,Family_Conflict_B
唔想同阿媽講嘢,Family_Conflict_B
唔想同屋企人講o野,Family_Conflict_B
唔想同屋企人講野,Family_Conflict_B
唔想同屋企人講嘢,Family_Conflict_B
家庭分裂,Family_Conflict_B
脫離父女關係,Family_Conflict_B
脫離父子關係,Family_Conflict_B
脫離母女關係,Family_Conflict_B
脫離母子關係,Family_Conflict_B
無屋企返,Family_Conflict_B
當冇老母,Family_Conflict_B
當冇老豆,Family_Conflict_B
當冇呀爸,Family_Conflict_B
當冇呀媽,Family_Conflict_B
當冇亞爸,Family_Conflict_B
當冇亞媽,Family_Conflict_B
當冇阿爸,Family_Conflict_B
當冇阿媽,Family_Conflict_B
當冇屋企人,Family_Conflict_B
當睇屋企人5到,Family_Conflict_B
當睇屋企人吾到,Family_Conflict_B
當睇屋企人唔到,Family_Conflict_B
盡量避開屋企人,Family_Conflict_B
趕我出屋,Family_Conflict_B
斷絶父女關係,Family_Conflict_B
斷絶父子關係,Family_Conflict_B
斷絶母女關係,Family_Conflict_B
斷絶母子關係,Family_Conflict_B
